Workbook

Sheet 签到表
A1: 注册名单 | B1: 实际名单 | C1: 抽签结果 | D1: Group Nummer A B C D | E1: Inside Group number 1,2,3,4
A2: Alagbada, Abiodun | B2: Alagbada, Abiodun | C2: A1 | D2: =LEFT(C2,1) -> A | E2: =RIGHT(C2,1) -> 1
A3: Alemu, Yohannes | B3: Alemu, Yohannes | C3: C2 | D3: =LEFT(C3,1) -> C | E3: =RIGHT(C3,1) -> 2
A4: Amjad, Usama Bin | B4: Amjad, Usama Bin | C4: B1 | D4: =LEFT(C4,1) -> B | E4: =RIGHT(C4,1) -> 1
A5: Benjamin Rettberg, Benjamin | B5: Benjamin Rettberg, Benjamin | C5: B2 | D5: =LEFT(C5,1) -> B | E5: =RIGHT(C5,1) -> 2
A6: Guorui, Yu | B6: Guorui, Yu | C6: C1 | D6: =LEFT(C6,1) -> C | E6: =RIGHT(C6,1) -> 1
A7: Hager, Jonathan | B7: Hager, Jonathan | C7: C3 | D7: =LEFT(C7,1) -> C | E7: =RIGHT(C7,1) -> 3
A8: Katwal, Anmol | B8: Katwal, Anmol | C8: D2 | D8: =LEFT(C8,1) -> D | E8: =RIGHT(C8,1) -> 2
A9: Kühn, Justin | B9: Kühn, Justin | C9: D3 | D9: =LEFT(C9,1) -> D | E9: =RIGHT(C9,1) -> 3
A10: Leo Farahwaschy, Leo | B10: Leo Farahwaschy, Leo | C10: D4 | D10: =LEFT(C10,1) -> D | E10: =RIGHT(C10,1) -> 4
A11: Maldikar, Ritik | B11: Maldikar, Ritik | C11: A2 | D11: =LEFT(C11,1) -> A | E11: =RIGHT(C11,1) -> 2
A12: Mangiameli, Greta | B12: Mangiameli, Greta | C12: A4 | D12: =LEFT(C12,1) -> A | E12: =RIGHT(C12,1) -> 4
A13: Nguyen, Thomas | B13: Nguyen, Thomas | C13: B3 | D13: =LEFT(C13,1) -> B | E13: =RIGHT(C13,1) -> 3
... A17: Yadav, Amit | B17: Yadav, Amit | C17: D1 | D17: =LEFT(C17,1) -> D | E17: =RIGHT(C17,1) -> 1
A18: 候补Wanchang Zhang
A20: Preparation time line
A21: Arrive time and table set up | B21: 17:00-17.15
A22: Explain the rules and get numbers | B22: 17.15-17.25
A26: 我需要准备的材料
A27: 六个球
A28: 五个纸杯
A29: 五支笔
A30: 五张纸
A31: 打印的表格
A32: 自己的食物
A33: 笔记本电脑
A34: A1-D1的纸片
A35: 拍照记录
A38: Unisport 需要准备的材料
A39: 哨子
... A52: 换衣间

Sheet 抽签结果
B1: 1 | C1: 2 | D1: 3 | E1: 4 | G1: 标号 | H1: 姓名
A2: A | B2: {=INDEX(签到表!$B$2:$B$17, MATCH($A2 & B$1, 签到表!$D$2:$D$17 & 签到表!$E$2:$E$17, 0))} -> Alagbada, Abiodun | C2: {=INDEX(签到表!$B$2:$B$17, MATCH($A2 & C$1, 签到表!$D$2:$D$17 & 签到表!$E$2:$E$17, 0))} -> Maldikar, Ritik | D2: {=INDEX(签到表!$B$2:$B$17, MATCH($A2 & D$1, 签到表!$D$2:$D$17 & 签到表!$E$2:$E$17, 0))} -> Shah, Rabin Bikram | E2: {=INDEX(签到表!$B$2:$B$17, MATCH($A2 & E$1, 签到表!$D$2:$D$17 & 签到表!$E$2:$E$17, 0))} -> Mangiameli, Greta
A3: B | B3: {=INDEX(签到表!$B$2:$B$17, MATCH($A3 & B$1, 签到表!$D$2:$D$17 & 签到表!$E$2:$E$17, 0))} -> Amjad, Usama Bin | C3: {=INDEX(签到表!$B$2:$B$17, MATCH($A3 & C$1, 签到表!$D$2:$D$17 & 签到表!$E$2:$E$17, 0))} -> Benjamin Rettberg, Benjamin | D3: {=INDEX(签到表!$B$2:$B$17, MATCH($A3 & D$1, 签到表!$D$2:$D$17 & 签到表!$E$2:$E$17, 0))} -> Nguyen, Thomas | E3: {=INDEX(签到表!$B$2:$B$17, MATCH($A3 & E$1, 签到表!$D$2:$D$17 & 签到表!$E$2:$E$17, 0))} -> Ovcarov, Danil | G3: =CHAR(65+INT((ROW(G1)-1)/4)) & MOD(ROW(G1)-1,4)+1 -> A1 | H3: =IFERROR( INDEX(签到表!$B$2:$B$17, MATCH(G3, 签到表!$C$2:$C$17, 0) ), "待抽" ) -> Alagbada, Abiodun
A4: C | B4: {=INDEX(签到表!$B$2:$B$17, MATCH($A4 & B$1, 签到表!$D$2:$D$17 & 签到表!$E$2:$E$17, 0))} -> Guorui, Yu | C4: {=INDEX(签到表!$B$2:$B$17, MATCH($A4 & C$1, 签到表!$D$2:$D$17 & 签到表!$E$2:$E$17, 0))} -> Alemu, Yohannes | D4: {=INDEX(签到表!$B$2:$B$17, MATCH($A4 & D$1, 签到表!$D$2:$D$17 & 签到表!$E$2:$E$17, 0))} -> Hager, Jonathan | E4: {=INDEX(签到表!$B$2:$B$17, MATCH($A4 & E$1, 签到表!$D$2:$D$17 & 签到表!$E$2:$E$17, 0))} -> Schneider, Yaro | G4: =CHAR(65+INT((ROW(G2)-1)/4)) & MOD(ROW(G2)-1,4)+1 -> A2 | H4: =IFERROR( INDEX(签到表!$B$2:$B$17, MATCH(G4, 签到表!$C$2:$C$17, 0) ), "待抽" ) -> Maldikar, Ritik
A5: D | B5: {=INDEX(签到表!$B$2:$B$17, MATCH($A5 & B$1, 签到表!$D$2:$D$17 & 签到表!$E$2:$E$17, 0))} -> Yadav, Amit | C5: {=INDEX(签到表!$B$2:$B$17, MATCH($A5 & C$1, 签到表!$D$2:$D$17 & 签到表!$E$2:$E$17, 0))} -> Katwal, Anmol | D5: {=INDEX(签到表!$B$2:$B$17, MATCH($A5 & D$1, 签到表!$D$2:$D$17 & 签到表!$E$2:$E$17, 0))} -> Kühn, Justin | E5: {=INDEX(签到表!$B$2:$B$17, MATCH($A5 & E$1, 签到表!$D$2:$D$17 & 签到表!$E$2:$E$17, 0))} -> Leo Farahwaschy, Leo | G5: =CHAR(65+INT((ROW(G3)-1)/4)) & MOD(ROW(G3)-1,4)+1 -> A3 | H5: =IFERROR( INDEX(签到表!$B$2:$B$17, MATCH(G5, 签到表!$C$2:$C$17, 0) ), "待抽" ) -> Shah, Rabin Bikram
G6: =CHAR(65+INT((ROW(G4)-1)/4)) & MOD(ROW(G4)-1,4)+1 -> A4 | H6: =IFERROR( INDEX(签到表!$B$2:$B$17, MATCH(G6, 签到表!$C$2:$C$17, 0) ), "待抽" ) -> Mangiameli, Greta
G7: =CHAR(65+INT((ROW(G5)-1)/4)) & MOD(ROW(G5)-1,4)+1 -> B1 | H7: =IFERROR( INDEX(签到表!$B$2:$B$17, MATCH(G7, 签到表!$C$2:$C$17, 0) ), "待抽" ) -> Amjad, Usama Bin
G8: =CHAR(65+INT((ROW(G6)-1)/4)) & MOD(ROW(G6)-1,4)+1 -> B2 | H8: =IFERROR( INDEX(签到表!$B$2:$B$17, MATCH(G8, 签到表!$C$2:$C$17, 0) ), "待抽" ) -> Benjamin Rettberg, Benjamin
G9: =CHAR(65+INT((ROW(G7)-1)/4)) & MOD(ROW(G7)-1,4)+1 -> B3 | H9: =IFERROR( INDEX(签到表!$B$2:$B$17, MATCH(G9, 签到表!$C$2:$C$17, 0) ), "待抽" ) -> Nguyen, Thomas
G10: =CHAR(65+INT((ROW(G8)-1)/4)) & MOD(ROW(G8)-1,4)+1 -> B4 | H10: =IFERROR( INDEX(签到表!$B$2:$B$17, MATCH(G10, 签到表!$C$2:$C$17, 0) ), "待抽" ) -> Ovcarov, Danil
G11: =CHAR(65+INT((ROW(G9)-1)/4)) & MOD(ROW(G9)-1,4)+1 -> C1 | H11: =IFERROR( INDEX(签到表!$B$2:$B$17, MATCH(G11, 签到表!$C$2:$C$17, 0) ), "待抽" ) -> Guorui, Yu
G12: =CHAR(65+INT((ROW(G10)-1)/4)) & MOD(ROW(G10)-1,4)+1 -> C2 | H12: =IFERROR( INDEX(签到表!$B$2:$B$17, MATCH(G12, 签到表!$C$2:$C$17, 0) ), "待抽" ) -> Alemu, Yohannes
G13: =CHAR(65+INT((ROW(G11)-1)/4)) & MOD(ROW(G11)-1,4)+1 -> C3 | H13: =IFERROR( INDEX(签到表!$B$2:$B$17, MATCH(G13, 签到表!$C$2:$C$17, 0) ), "待抽" ) -> Hager, Jonathan
G14: =CHAR(65+INT((ROW(G12)-1)/4)) & MOD(ROW(G12)-1,4)+1 -> C4 | H14: =IFERROR( INDEX(签到表!$B$2:$B$17, MATCH(G14, 签到表!$C$2:$C$17, 0) ), "待抽" ) -> Schneider, Yaro
G15: =CHAR(65+INT((ROW(G13)-1)/4)) & MOD(ROW(G13)-1,4)+1 -> D1 | H15: =IFERROR( INDEX(签到表!$B$2:$B$17, MATCH(G15, 签到表!$C$2:$C$17, 0) ), "待抽" ) -> Yadav, Amit
G16: =CHAR(65+INT((ROW(G14)-1)/4)) & MOD(ROW(G14)-1,4)+1 -> D2 | H16: =IFERROR( INDEX(签到表!$B$2:$B$17, MATCH(G16, 签到表!$C$2:$C$17, 0) ), "待抽" ) -> Katwal, Anmol
G17: =CHAR(65+INT((ROW(G15)-1)/4)) & MOD(ROW(G15)-1,4)+1 -> D3 | H17: =IFERROR( INDEX(签到表!$B$2:$B$17, MATCH(G17, 签到表!$C$2:$C$17, 0) ), "待抽" ) -> Kühn, Justin
G18: =CHAR(65+INT((ROW(G16)-1)/4)) & MOD(ROW(G16)-1,4)+1 -> D4 | H18: =IFERROR( INDEX(签到表!$B$2:$B$17, MATCH(G18, 签到表!$C$2:$C$17, 0) ), "待抽" ) -> Leo Farahwaschy, Leo

Sheet Group A
B1: Best of Three For every table there will be 6 games , with every matches 25 mins (2-4 mins warm up and 20mins match) | I1: Timeline | K1: Results | L1: Total Scores | M1: Matchwins胜场数 | N1: Matchloses 总负场数 | O1: Gamewins 总胜局数 | P1: Gameloses 总负局数 | Q1: Gamewin differences | R1: Pointwins 总得分 | S1: Pointloses 总失分 | T1: Pointwin differences
C2: Winning points in each Match | E2: Winning games in each Match | G2: Winner of this Match | H2: Loser of this Match | K2: =C3 -> A1 | L2: =M2*10000+Q2*100+T2 -> 20004 | M2: =COUNTIF($G$3:$G$32,$K2) -> 2 | N2: =COUNTIF($H$3:$H$32,$K2) -> 1 | O2: =E7+E17+E27 -> 4 | P2: =F7+F17+F27 -> 4 | Q2: =O2-P2 -> 0 | R2: =+C7+C17+C27 -> 78 | S2: =D7+D17+D27 -> 74 | T2: =R2-S2 -> 4
A3: =J3 -> 0.72916667 | B3: Match 1 | C3: A1 | D3: A2 | E3: =C3 -> A1 | F3: =D3 -> A2 | G3: =IF(E7>F7,E3,F3) -> A1 | H3: =IF(E7>F7,F3,E3) -> A2 | I3: T0 | J3: 0.72916667 | K3: =D3 -> A2 | L3: =M3*10000+Q3*100+T3 -> 10000 | M3: =COUNTIF($G$3:$G$32,$K3) -> 1 | N3: =COUNTIF($H$3:$H$32,$K3) -> 2 | O3: =F7+E22+E32 -> 4 | P3: =E7+F22+F32 -> 4 | Q3: =O3-P3 -> 0 | R3: =D7+C22+C32 -> 81 | S3: =C7+D22+D32 -> 81 | T3: =R3-S3 -> 0
B4: =IF(E7>F7,E3,F3) -> A1 | C4: 11 | D4: 9 | E4: =IF(C4>D4,1,0) -> 1 | F4: =IF(D4>C4,1,0) -> 0 | I4: T1 | J4: 0.74652778 | K4: =C8 -> A3 | L4: =M4*10000+Q4*100+T4 -> 20212 | M4: =COUNTIF($G$3:$G$32,$K4) -> 2 | N4: =COUNTIF($H$3:$H$32,$K4) -> 1 | O4: =E12+F17+F32 -> 4 | P4: =F12+E17+E32 -> 2 | Q4: =O4-P4 -> 2 | R4: =C12+D17+D32 -> 61 | S4: =D12+C17+C32 -> 49 | T4: =R4-S4 -> 12
C5: 9 | D5: 11 | E5: =IF(C5>D5,1,0) -> 0 | F5: =IF(D5>C5,1,0) -> 1 | I5: T2 | J5: 0.76388889 | K5: =D8 -> A4 | L5: =M5*10000+Q5*100+T5 -> 9784 | M5: =COUNTIF($G$3:$G$32,$K5) -> 1 | N5: =COUNTIF($H$3:$H$32,$K5) -> 2 | O5: =F12+F22+F27 -> 3 | P5: =E12+E22+E27 -> 5 | Q5: =O5-P5 -> -2 | R5: =D12+D22+D27 -> 68 | S5: =C12+C22+C27 -> 84 | T5: =R5-S5 -> -16
C6: 11 | D6: 9 | E6: =IF(C6>D6,1,0) -> 1 | F6: =IF(D6>C6,1,0) -> 0 | I6: T3 | J6: 0.78125
A7: =J4 -> 0.74652778 | B7: SUM | C7: =SUM(C4:C6) -> 31 | D7: =SUM(D4:D6) -> 29 | E7: =SUM((E4:E6)) -> 2 | F7: =SUM((F4:F6)) -> 1 | I7: T4 | J7: 0.79861111
B8: Match 2 | C8: A3 | D8: A4 | E8: =C8 -> A3 | F8: =D8 -> A4 | G8: =IF(E12>F12,E8,F8) -> A3 | H8: =IF(E12>F12,F8,E8) -> A4 | I8: T5 | J8: 0.81597222
B9: =IF(E12>F12,E8,F8) -> A3 | C9: 11 | D9: 5 | E9: =IF(C9>D9,1,0) -> 1 | F9: =IF(D9>C9,1,0) -> 0 | I9: T6 | J9: 0.83333333
C10: 11 | D10: 7 | E10: =IF(C10>D10,1,0) -> 1 | F10: =IF(D10>C10,1,0) -> 0
E11: =IF(C11>D11,1,0) -> 0 | F11: =IF(D11>C11,1,0) -> 0
A12: =J5 -> 0.76388889 | B12: SUM | C12: =SUM(C9:C11) -> 22 | D12: =SUM(D9:D11) -> 12 | E12: =SUM(E9:E11) -> 2 | F12: =SUM(F9:F11) -> 0
B13: Match 3 | C13: A1 | D13: A3 | E13: =C13 -> A1 | F13: =D13 -> A3 | G13: =IF(E17>F17,E13,F13) -> A3 | H13: =IF(E17>F17,F13,E13) -> A1 | L13: 最终自动排名. MatchWins first
B14: =IF(E17>F17,E13,F13) -> A3 | C14: 7 | D14: 11 | E14: =IF(C14>D14,1,0) -> 0 | F14: =IF(D14>C14,1,0) -> 1 | L14: 1. Matchwins
C15: 8 | D15: 11 | E15: =IF(C15>D15,1,0) -> 0 | F15: =IF(D15>C15,1,0) -> 1 | L15: 2. If same matchwins, see their result game with each other go to gamewin differences (Wingames-Losegames)
E16: =IF(C16>D16,1,0) -> 0 | F16: =IF(D16>C16,1,0) -> 0 | L16: 3. If same gamewin differences, count pointwind differences (pointwins-pointloses)
A17: =J6 -> 0.78125 | B17: SUM | C17: =SUM(C14:C16) -> 15 | D17: =SUM(D14:D16) -> 22 | E17: =SUM(E14:E16) -> 0 | F17: =SUM(F14:F16) -> 2 | L17: 4. If same pointwin differences
B18: Match 4 | C18: A2 | D18: A4 | E18: =C18 -> A2 | F18: =D18 -> A4 | G18: =IF(E22>F22,E18,F18) -> A4 | H18: =IF(E22>F22,F18,E18) -> A2
B19: =IF(E22>F22,E18,F18) -> A4 | C19: 11 | D19: 13 | E19: =IF(C19>D19,1,0) -> 0 | F19: =IF(D19>C19,1,0) -> 1
C20: 8 | D20: 11 | E20: =IF(C20>D20,1,0) -> 0 | F20: =IF(D20>C20,1,0) -> 1
C21: 11 | D21: 9 | E21: =IF(C21>D21,1,0) -> 1 | F21: =IF(D21>C21,1,0) -> 0
A22: =J7 -> 0.79861111 | B22: SUM | C22: =SUM(C19:C21) -> 30 | D22: =SUM(D19:D21) -> 33 | E22: =SUM(E19:E21) -> 1 | F22: =SUM(F19:F21) -> 2
B23: Match 5 | C23: A1 | D23: A4 | E23: =C23 -> A1 | F23: =D23 -> A4 | G23: =IF(E27>F27,E23,F23) -> A1 | H23: =IF(E27>F27,F23,E23) -> A4
B24: =IF(E27>F27,E23,F23) -> A1 | C24: 10 | D24: 12 | E24: =IF(C24>D24,1,0) -> 0 | F24: =IF(D24>C24,1,0) -> 1
C25: 11 | D25: 5 | E25: =IF(C25>D25,1,0) -> 1 | F25: =IF(D25>C25,1,0) -> 0
C26: 11 | D26: 6 | E26: =IF(C26>D26,1,0) -> 1 | F26: =IF(D26>C26,1,0) -> 0
A27: =J8 -> 0.81597222 | B27: SUM | C27: =SUM(C24:C26) -> 32 | D27: =SUM(D24:D26) -> 23 | E27: =SUM(E24:E26) -> 2 | F27: =SUM(F24:F26) -> 1
B28: Match 6 | C28: A2 | D28: A3 | E28: =C28 -> A2 | F28: =D28 -> A3 | G28: =IF(E32>F32,E28,F28) -> A2 | H28: =IF(E32>F32,F28,E28) -> A3
B29: =IF(E32>F32,E28,F28) -> A2 | C29: 11 | D29: 9 | E29: =IF(C29>D29,1,0) -> 1 | F29: =IF(D29>C29,1,0) -> 0
C30: 11 | D30: 8 | E30: =IF(C30>D30,1,0) -> 1 | F30: =IF(D30>C30,1,0) -> 0
A31: =J9 -> 0.83333333 | E31: =IF(C31>D31,1,0) -> 0 | F31: =IF(D31>C31,1,0) -> 0
B32: SUM | C32: =SUM(C29:C31) -> 22 | D32: =SUM(D29:D31) -> 17 | E32: =SUM(E29:E31) -> 2 | F32: =SUM(F29:F31) -> 0

Sheet Group B
B1: Best of Three For every tBble there will be 6 gBmes , with every mBtches 25 mins (3-5 mins wBrm up Bnd 20 mins mBtch) | I1: Timeline | K1: Results | L1: TotBl Scores | M1: MBtchwins胜场数 | N1: MBtchloses 总负场数 | O1: GBmewins 总胜局数 | P1: GBmeloses 总负局数 | Q1: GBmewin differences | R1: Pointwins 总得分 | S1: Pointloses 总失分 | T1: Pointwin differences
C2: Winning points in eBch MBtch | E2: Winning gBmes in eBch MBtch | G2: Winner of this MBtch | H2: Loser of this MBtch | K2: =C3 -> B1 | L2: =M2*10000+Q2*100+T2 -> 19999 | M2: =COUNTIF($G$3:$G$32,$K2) -> 2 | N2: =COUNTIF($H$3:$H$32,$K2) -> 1 | O2: =E7+E17+E27 -> 4 | P2: =F7+F17+F27 -> 4 | Q2: =O2-P2 -> 0 | R2: =+C7+C17+C27 -> 74 | S2: =D7+D17+D27 -> 75 | T2: =R2-S2 -> -1
A3: =J3 -> 0.72916667 | B3: MBtch 1 | C3: B1 | D3: B2 | E3: =C3 -> B1 | F3: =D3 -> B2 | G3: =IF(E7>F7,E3,F3) -> B1 | H3: =IF(E7>F7,F3,E3) -> B2 | I3: T0 | J3: 0.72916667 | K3: =D3 -> B2 | L3: =M3*10000+Q3*100+T3 -> 10109 | M3: =COUNTIF($G$3:$G$32,$K3) -> 1 | N3: =COUNTIF($H$3:$H$32,$K3) -> 2 | O3: =F7+E22+E32 -> 4 | P3: =E7+F22+F32 -> 3 | Q3: =O3-P3 -> 1 | R3: =D7+C22+C32 -> 74 | S3: =C7+D22+D32 -> 65 | T3: =R3-S3 -> 9
B4: =IF(E7>F7,E3,F3) -> B1 | C4: 11 | D4: 10 | E4: =IF(C4>D4,1,0) -> 1 | F4: =IF(D4>C4,1,0) -> 0 | I4: T1 | J4: 0.74652778 | K4: =C8 -> B3 | L4: =M4*10000+Q4*100+T4 -> 20215 | M4: =COUNTIF($G$3:$G$32,$K4) -> 2 | N4: =COUNTIF($H$3:$H$32,$K4) -> 1 | O4: =E12+F17+F32 -> 4 | P4: =F12+E17+E32 -> 2 | Q4: =O4-P4 -> 2 | R4: =C12+D17+D32 -> 61 | S4: =D12+C17+C32 -> 46 | T4: =R4-S4 -> 15
C5: 4 | D5: 11 | E5: =IF(C5>D5,1,0) -> 0 | F5: =IF(D5>C5,1,0) -> 1 | I5: T2 | J5: 0.76388889 | K5: =D8 -> B4 | L5: =M5*10000+Q5*100+T5 -> 9677 | M5: =COUNTIF($G$3:$G$32,$K5) -> 1 | N5: =COUNTIF($H$3:$H$32,$K5) -> 2 | O5: =F12+F22+F27 -> 2 | P5: =E12+E22+E27 -> 5 | Q5: =O5-P5 -> -3 | R5: =D12+D22+D27 -> 53 | S5: =C12+C22+C27 -> 76 | T5: =R5-S5 -> -23
C6: 11 | D6: 9 | E6: =IF(C6>D6,1,0) -> 1 | F6: =IF(D6>C6,1,0) -> 0 | I6: T3 | J6: 0.78125
A7: =J4 -> 0.74652778 | B7: SUM | C7: =SUM(C4:C6) -> 26 | D7: =SUM(D4:D6) -> 30 | E7: =SUM((E4:E6)) -> 2 | F7: =SUM((F4:F6)) -> 1 | I7: T4 | J7: 0.79861111
B8: MBtch 2 | C8: B3 | D8: B4 | E8: =C8 -> B3 | F8: =D8 -> B4 | G8: =IF(E12>F12,E8,F8) -> B3 | H8: =IF(E12>F12,F8,E8) -> B4 | I8: T5 | J8: 0.81597222
B9: =IF(E12>F12,E8,F8) -> B3 | C9: 11 | D9: 5 | E9: =IF(C9>D9,1,0) -> 1 | F9: =IF(D9>C9,1,0) -> 0 | I9: T6 | J9: 0.83333333
C10: 11 | D10: 3 | E10: =IF(C10>D10,1,0) -> 1 | F10: =IF(D10>C10,1,0) -> 0
E11: =IF(C11>D11,1,0) -> 0 | F11: =IF(D11>C11,1,0) -> 0
A12: =J5 -> 0.76388889 | B12: SUM | C12: =SUM(C9:C11) -> 22 | D12: =SUM(D9:D11) -> 8 | E12: =SUM(E9:E11) -> 2 | F12: =SUM(F9:F11) -> 0
B13: MBtch 3 | C13: B1 | D13: B3 | E13: =C13 -> B1 | F13: =D13 -> B3 | G13: =IF(E17>F17,E13,F13) -> B3 | H13: =IF(E17>F17,F13,E13) -> B1 | L13: 最终自动排名. MBtchWins first
B14: =IF(E17>F17,E13,F13) -> B3 | C14: 7 | D14: 11 | E14: =IF(C14>D14,1,0) -> 0 | F14: =IF(D14>C14,1,0) -> 1 | L14: 1. MBtchwins
C15: 9 | D15: 11 | E15: =IF(C15>D15,1,0) -> 0 | F15: =IF(D15>C15,1,0) -> 1 | L15: 2. If sBme mBtchwins, see their result gBme with eBch other go to gBmewin differences (WingBmes-LosegBmes)
E16: =IF(C16>D16,1,0) -> 0 | F16: =IF(D16>C16,1,0) -> 0 | L16: 3. If sBme gBmewin differences, count pointwind differences (pointwins-pointloses)
A17: =J6 -> 0.78125 | B17: SUM | C17: =SUM(C14:C16) -> 16 | D17: =SUM(D14:D16) -> 22 | E17: =SUM(E14:E16) -> 0 | F17: =SUM(F14:F16) -> 2 | L17: 4. If sBme pointwin differences
B18: MBtch 4 | C18: B2 | D18: B4 | E18: =C18 -> B2 | F18: =D18 -> B4 | G18: =IF(E22>F22,E18,F18) -> B4 | H18: =IF(E22>F22,F18,E18) -> B2
B19: =IF(E22>F22,E18,F18) -> B4 | C19: 11 | D19: 13 | E19: =IF(C19>D19,1,0) -> 0 | F19: =IF(D19>C19,1,0) -> 1
C20: 11 | D20: 9 | E20: =IF(C20>D20,1,0) -> 1 | F20: =IF(D20>C20,1,0) -> 0
E21: =IF(C21>D21,1,0) -> 0 | F21: =IF(D21>C21,1,0) -> 0
A22: =J7 -> 0.79861111 | B22: SUM | C22: =SUM(C19:C21) -> 22 | D22: =SUM(D19:D21) -> 22 | E22: =SUM(E19:E21) -> 1 | F22: =SUM(F19:F21) -> 1
B23: MBtch 5 | C23: B1 | D23: B4 | E23: =C23 -> B1 | F23: =D23 -> B4 | G23: =IF(E27>F27,E23,F23) -> B1 | H23: =IF(E27>F27,F23,E23) -> B4
B24: =IF(E27>F27,E23,F23) -> B1 | C24: 10 | D24: 12 | E24: =IF(C24>D24,1,0) -> 0 | F24: =IF(D24>C24,1,0) -> 1
C25: 11 | D25: 5 | E25: =IF(C25>D25,1,0) -> 1 | F25: =IF(D25>C25,1,0) -> 0
C26: 11 | D26: 6 | E26: =IF(C26>D26,1,0) -> 1 | F26: =IF(D26>C26,1,0) -> 0
A27: =J8 -> 0.81597222 | B27: SUM | C27: =SUM(C24:C26) -> 32 | D27: =SUM(D24:D26) -> 23 | E27: =SUM(E24:E26) -> 2 | F27: =SUM(F24:F26) -> 1
B28: MBtch 6 | C28: B2 | D28: B3 | E28: =C28 -> B2 | F28: =D28 -> B3 | G28: =IF(E32>F32,E28,F28) -> B2 | H28: =IF(E32>F32,F28,E28) -> B3
B29: =IF(E32>F32,E28,F28) -> B2 | C29: 11 | D29: 9 | E29: =IF(C29>D29,1,0) -> 1 | F29: =IF(D29>C29,1,0) -> 0
C30: 11 | D30: 8 | E30: =IF(C30>D30,1,0) -> 1 | F30: =IF(D30>C30,1,0) -> 0
A31: =J9 -> 0.83333333 | E31: =IF(C31>D31,1,0) -> 0 | F31: =IF(D31>C31,1,0) -> 0
B32: SUM | C32: =SUM(C29:C31) -> 22 | D32: =SUM(D29:D31) -> 17 | E32: =SUM(E29:E31) -> 2 | F32: =SUM(F29:F31) -> 0

Sheet Group C
B1: Cest of Three For every tCCle there will Ce 6 gCmes , with every mCtches 25 mins (3-5 mins wCrm up Cnd 20 mins mCtch) | I1: Timeline | K1: Results | L1: TotCl Scores | M1: MCtchwins胜场数 | N1: MCtchloses 总负场数 | O1: GCmewins 总胜局数 | P1: GCmeloses 总负局数 | Q1: GCmewin differences | R1: Pointwins 总得分 | S1: Pointloses 总失分 | T1: Pointwin differences
C2: Winning points in eCch MCtch | E2: Winning gCmes in eCch MCtch | G2: Winner of this MCtch | H2: Loser of this MCtch | K2: =C3 -> C1 | L2: =M2*10000+Q2*100+T2 -> 20001 | M2: =COUNTIF($G$3:$G$32,$K2) -> 2 | N2: =COUNTIF($H$3:$H$32,$K2) -> 1 | O2: =E7+E17+E27 -> 4 | P2: =F7+F17+F27 -> 4 | Q2: =O2-P2 -> 0 | R2: =+C7+C17+C27 -> 78 | S2: =D7+D17+D27 -> 77 | T2: =R2-S2 -> 1
A3: =J3 -> 0.72916667 | B3: MCtch 1 | C3: C1 | D3: C2 | E3: =C3 -> C1 | F3: =D3 -> C2 | G3: =IF(E7>F7,E3,F3) -> C1 | H3: =IF(E7>F7,F3,E3) -> C2 | I3: T0 | J3: 0.72916667 | K3: =D3 -> C2 | L3: =M3*10000+Q3*100+T3 -> -199 | M3: =COUNTIF($G$3:$G$32,$K3) -> 0 | N3: =COUNTIF($H$3:$H$32,$K3) -> 3 | O3: =F7+E22+E32 -> 3 | P3: =E7+F22+F32 -> 5 | Q3: =O3-P3 -> -2 | R3: =D7+C22+C32 -> 82 | S3: =C7+D22+D32 -> 81 | T3: =R3-S3 -> 1
B4: =IF(E7>F7,E3,F3) -> C1 | C4: 11 | D4: 9 | E4: =IF(C4>D4,1,0) -> 1 | F4: =IF(D4>C4,1,0) -> 0 | I4: T1 | J4: 0.74652778 | K4: =C8 -> C3 | L4: =M4*10000+Q4*100+T4 -> 30519 | M4: =COUNTIF($G$3:$G$32,$K4) -> 3 | N4: =COUNTIF($H$3:$H$32,$K4) -> 0 | O4: =E12+F17+F32 -> 6 | P4: =F12+E17+E32 -> 1 | Q4: =O4-P4 -> 5 | R4: =C12+D17+D32 -> 77 | S4: =D12+C17+C32 -> 58 | T4: =R4-S4 -> 19
C5: 9 | D5: 11 | E5: =IF(C5>D5,1,0) -> 0 | F5: =IF(D5>C5,1,0) -> 1 | I5: T2 | J5: 0.76388889 | K5: =D8 -> C4 | L5: =M5*10000+Q5*100+T5 -> 9679 | M5: =COUNTIF($G$3:$G$32,$K5) -> 1 | N5: =COUNTIF($H$3:$H$32,$K5) -> 2 | O5: =F12+F22+F27 -> 2 | P5: =E12+E22+E27 -> 5 | Q5: =O5-P5 -> -3 | R5: =D12+D22+D27 -> 55 | S5: =C12+C22+C27 -> 76 | T5: =R5-S5 -> -21
C6: 11 | D6: 9 | E6: =IF(C6>D6,1,0) -> 1 | F6: =IF(D6>C6,1,0) -> 0 | I6: T3 | J6: 0.78125
A7: =J4 -> 0.74652778 | B7: SUM | C7: =SUM(C4:C6) -> 31 | D7: =SUM(D4:D6) -> 29 | E7: =SUM((E4:E6)) -> 2 | F7: =SUM((F4:F6)) -> 1 | I7: T4 | J7: 0.79861111
B8: MCtch 2 | C8: C3 | D8: C4 | E8: =C8 -> C3 | F8: =D8 -> C4 | G8: =IF(E12>F12,E8,F8) -> C3 | H8: =IF(E12>F12,F8,E8) -> C4 | I8: T5 | J8: 0.81597222
B9: =IF(E12>F12,E8,F8) -> C3 | C9: 11 | D9: 5 | E9: =IF(C9>D9,1,0) -> 1 | F9: =IF(D9>C9,1,0) -> 0 | I9: T6 | J9: 0.83333333
C10: 11 | D10: 7 | E10: =IF(C10>D10,1,0) -> 1 | F10: =IF(D10>C10,1,0) -> 0
E11: =IF(C11>D11,1,0) -> 0 | F11: =IF(D11>C11,1,0) -> 0
A12: =J5 -> 0.76388889 | B12: SUM | C12: =SUM(C9:C11) -> 22 | D12: =SUM(D9:D11) -> 12 | E12: =SUM(E9:E11) -> 2 | F12: =SUM(F9:F11) -> 0
B13: MCtch 3 | C13: C1 | D13: C3 | E13: =C13 -> C1 | F13: =D13 -> C3 | G13: =IF(E17>F17,E13,F13) -> C3 | H13: =IF(E17>F17,F13,E13) -> C1 | L13: 最终自动排名. MCtchWins first
B14: =IF(E17>F17,E13,F13) -> C3 | C14: 7 | D14: 11 | E14: =IF(C14>D14,1,0) -> 0 | F14: =IF(D14>C14,1,0) -> 1 | L14: 1. MCtchwins
C15: 8 | D15: 11 | E15: =IF(C15>D15,1,0) -> 0 | F15: =IF(D15>C15,1,0) -> 1 | L15: 2. If sCme mCtchwins, see their result gCme with eCch other go to gCmewin differences (WingCmes-LosegCmes)
E16: =IF(C16>D16,1,0) -> 0 | F16: =IF(D16>C16,1,0) -> 0 | L16: 3. If sCme gCmewin differences, count pointwind differences (pointwins-pointloses)
A17: =J6 -> 0.78125 | B17: SUM | C17: =SUM(C14:C16) -> 15 | D17: =SUM(D14:D16) -> 22 | E17: =SUM(E14:E16) -> 0 | F17: =SUM(F14:F16) -> 2 | L17: 4. If sCme pointwin differences
B18: MCtch 4 | C18: C2 | D18: C4 | E18: =C18 -> C2 | F18: =D18 -> C4 | G18: =IF(E22>F22,E18,F18) -> C4 | H18: =IF(E22>F22,F18,E18) -> C2
B19: =IF(E22>F22,E18,F18) -> C4 | C19: 11 | D19: 13 | E19: =IF(C19>D19,1,0) -> 0 | F19: =IF(D19>C19,1,0) -> 1
C20: 11 | D20: 4 | E20: =IF(C20>D20,1,0) -> 1 | F20: =IF(D20>C20,1,0) -> 0
E21: =IF(C21>D21,1,0) -> 0 | F21: =IF(D21>C21,1,0) -> 0
A22: =J7 -> 0.79861111 | B22: SUM | C22: =SUM(C19:C21) -> 22 | D22: =SUM(D19:D21) -> 17 | E22: =SUM(E19:E21) -> 1 | F22: =SUM(F19:F21) -> 1
B23: MCtch 5 | C23: C1 | D23: C4 | E23: =C23 -> C1 | F23: =D23 -> C4 | G23: =IF(E27>F27,E23,F23) -> C1 | H23: =IF(E27>F27,F23,E23) -> C4
B24: =IF(E27>F27,E23,F23) -> C1 | C24: 10 | D24: 12 | E24: =IF(C24>D24,1,0) -> 0 | F24: =IF(D24>C24,1,0) -> 1
C25: 11 | D25: 5 | E25: =IF(C25>D25,1,0) -> 1 | F25: =IF(D25>C25,1,0) -> 0
C26: 11 | D26: 9 | E26: =IF(C26>D26,1,0) -> 1 | F26: =IF(D26>C26,1,0) -> 0
A27: =J8 -> 0.81597222 | B27: SUM | C27: =SUM(C24:C26) -> 32 | D27: =SUM(D24:D26) -> 26 | E27: =SUM(E24:E26) -> 2 | F27: =SUM(F24:F26) -> 1
B28: MCtch 6 | C28: C2 | D28: C3 | E28: =C28 -> C2 | F28: =D28 -> C3 | G28: =IF(E32>F32,E28,F28) -> C3 | H28: =IF(E32>F32,F28,E28) -> C2
B29: =IF(E32>F32,E28,F28) -> C3 | C29: 11 | D29: 9 | E29: =IF(C29>D29,1,0) -> 1 | F29: =IF(D29>C29,1,0) -> 0
C30: 9 | D30: 11 | E30: =IF(C30>D30,1,0) -> 0 | F30: =IF(D30>C30,1,0) -> 1
A31: =J9 -> 0.83333333 | C31: 11 | D31: 13 | E31: =IF(C31>D31,1,0) -> 0 | F31: =IF(D31>C31,1,0) -> 1
B32: SUM | C32: =SUM(C29:C31) -> 31 | D32: =SUM(D29:D31) -> 33 | E32: =SUM(E29:E31) -> 1 | F32: =SUM(F29:F31) -> 2

Sheet Group D
B1: Dest of Three For every tDDle there will De 6 gDmes , with every mDtches 25 mins (3-5 mins wDrm up Dnd 20 mins mDtch) | I1: Timeline | K1: Results | L1: TotDl Scores | M1: MDtchwins胜场数 | N1: MDtchloses 总负场数 | O1: GDmewins 总胜局数 | P1: GDmeloses 总负局数 | Q1: GDmewin differences | R1: Pointwins 总得分 | S1: Pointloses 总失分 | T1: Pointwin differences
C2: Winning points in eDch MDtch | E2: Winning gDmes in eDch MDtch | G2: Winner of this MDtch | H2: Loser of this MDtch | K2: =C3 -> D1 | L2: =M2*10000+Q2*100+T2 -> 20002 | M2: =COUNTIF($G$3:$G$32,$K2) -> 2 | N2: =COUNTIF($H$3:$H$32,$K2) -> 1 | O2: =E7+E17+E27 -> 4 | P2: =F7+F17+F27 -> 4 | Q2: =O2-P2 -> 0 | R2: =+C7+C17+C27 -> 78 | S2: =D7+D17+D27 -> 76 | T2: =R2-S2 -> 2
A3: =J3 -> 0.72916667 | B3: MDtch 1 | C3: D1 | D3: D2 | E3: =C3 -> D1 | F3: =D3 -> D2 | G3: =IF(E7>F7,E3,F3) -> D1 | H3: =IF(E7>F7,F3,E3) -> D2 | I3: T0 | J3: 0.72916667 | K3: =D3 -> D2 | L3: =M3*10000+Q3*100+T3 -> 20214 | M3: =COUNTIF($G$3:$G$32,$K3) -> 2 | N3: =COUNTIF($H$3:$H$32,$K3) -> 1 | O3: =F7+E22+E32 -> 5 | P3: =E7+F22+F32 -> 3 | Q3: =O3-P3 -> 2 | R3: =D7+C22+C32 -> 78 | S3: =C7+D22+D32 -> 64 | T3: =R3-S3 -> 14
B4: =IF(E7>F7,E3,F3) -> D1 | C4: 11 | D4: 10 | E4: =IF(C4>D4,1,0) -> 1 | F4: =IF(D4>C4,1,0) -> 0 | I4: T1 | J4: 0.74652778 | K4: =C8 -> D3 | L4: =M4*10000+Q4*100+T4 -> 20313 | M4: =COUNTIF($G$3:$G$32,$K4) -> 2 | N4: =COUNTIF($H$3:$H$32,$K4) -> 1 | O4: =E12+F17+F32 -> 5 | P4: =F12+E17+E32 -> 2 | Q4: =O4-P4 -> 3 | R4: =C12+D17+D32 -> 68 | S4: =D12+C17+C32 -> 55 | T4: =R4-S4 -> 13
C5: 7 | D5: 11 | E5: =IF(C5>D5,1,0) -> 0 | F5: =IF(D5>C5,1,0) -> 1 | I5: T2 | J5: 0.76388889 | K5: =D8 -> D4 | L5: =M5*10000+Q5*100+T5 -> -529 | M5: =COUNTIF($G$3:$G$32,$K5) -> 0 | N5: =COUNTIF($H$3:$H$32,$K5) -> 3 | O5: =F12+F22+F27 -> 1 | P5: =E12+E22+E27 -> 6 | Q5: =O5-P5 -> -5 | R5: =D12+D22+D27 -> 47 | S5: =C12+C22+C27 -> 76 | T5: =R5-S5 -> -29
C6: 11 | D6: 9 | E6: =IF(C6>D6,1,0) -> 1 | F6: =IF(D6>C6,1,0) -> 0 | I6: T3 | J6: 0.78125
A7: =J4 -> 0.74652778 | B7: SUM | C7: =SUM(C4:C6) -> 29 | D7: =SUM(D4:D6) -> 30 | E7: =SUM((E4:E6)) -> 2 | F7: =SUM((F4:F6)) -> 1 | I7: T4 | J7: 0.79861111
B8: MDtch 2 | C8: D3 | D8: D4 | E8: =C8 -> D3 | F8: =D8 -> D4 | G8: =IF(E12>F12,E8,F8) -> D3 | H8: =IF(E12>F12,F8,E8) -> D4 | I8: T5 | J8: 0.81597222
B9: =IF(E12>F12,E8,F8) -> D3 | C9: 11 | D9: 5 | E9: =IF(C9>D9,1,0) -> 1 | F9: =IF(D9>C9,1,0) -> 0 | I9: T6 | J9: 0.83333333
C10: 11 | D10: 7 | E10: =IF(C10>D10,1,0) -> 1 | F10: =IF(D10>C10,1,0) -> 0
E11: =IF(C11>D11,1,0) -> 0 | F11: =IF(D11>C11,1,0) -> 0
A12: =J5 -> 0.76388889 | B12: SUM | C12: =SUM(C9:C11) -> 22 | D12: =SUM(D9:D11) -> 12 | E12: =SUM(E9:E11) -> 2 | F12: =SUM(F9:F11) -> 0
B13: MDtch 3 | C13: D1 | D13: D3 | E13: =C13 -> D1 | F13: =D13 -> D3 | G13: =IF(E17>F17,E13,F13) -> D3 | H13: =IF(E17>F17,F13,E13) -> D1 | L13: 最终自动排名. MDtchWins first
B14: =IF(E17>F17,E13,F13) -> D3 | C14: 7 | D14: 11 | E14: =IF(C14>D14,1,0) -> 0 | F14: =IF(D14>C14,1,0) -> 1 | L14: 1. MDtchwins
C15: 10 | D15: 12 | E15: =IF(C15>D15,1,0) -> 0 | F15: =IF(D15>C15,1,0) -> 1 | L15: 2. If sDme mDtchwins, see their result gDme with eDch other go to gDmewin differences (WingDmes-LosegDmes)
E16: =IF(C16>D16,1,0) -> 0 | F16: =IF(D16>C16,1,0) -> 0 | L16: 3. If sDme gDmewin differences, count pointwind differences (pointwins-pointloses)
A17: =J6 -> 0.78125 | B17: SUM | C17: =SUM(C14:C16) -> 17 | D17: =SUM(D14:D16) -> 23 | E17: =SUM(E14:E16) -> 0 | F17: =SUM(F14:F16) -> 2 | L17: 4. If sDme pointwin differences
B18: MDtch 4 | C18: D2 | D18: D4 | E18: =C18 -> D2 | F18: =D18 -> D4 | G18: =IF(E22>F22,E18,F18) -> D2 | H18: =IF(E22>F22,F18,E18) -> D4
B19: =IF(E22>F22,E18,F18) -> D2 | C19: 11 | D19: 3 | E19: =IF(C19>D19,1,0) -> 1 | F19: =IF(D19>C19,1,0) -> 0
C20: 11 | D20: 9 | E20: =IF(C20>D20,1,0) -> 1 | F20: =IF(D20>C20,1,0) -> 0
E21: =IF(C21>D21,1,0) -> 0 | F21: =IF(D21>C21,1,0) -> 0
A22: =J7 -> 0.79861111 | B22: SUM | C22: =SUM(C19:C21) -> 22 | D22: =SUM(D19:D21) -> 12 | E22: =SUM(E19:E21) -> 2 | F22: =SUM(F19:F21) -> 0
B23: MDtch 5 | C23: D1 | D23: D4 | E23: =C23 -> D1 | F23: =D23 -> D4 | G23: =IF(E27>F27,E23,F23) -> D1 | H23: =IF(E27>F27,F23,E23) -> D4
B24: =IF(E27>F27,E23,F23) -> D1 | C24: 10 | D24: 12 | E24: =IF(C24>D24,1,0) -> 0 | F24: =IF(D24>C24,1,0) -> 1
C25: 11 | D25: 5 | E25: =IF(C25>D25,1,0) -> 1 | F25: =IF(D25>C25,1,0) -> 0
C26: 11 | D26: 6 | E26: =IF(C26>D26,1,0) -> 1 | F26: =IF(D26>C26,1,0) -> 0
A27: =J8 -> 0.81597222 | B27: SUM | C27: =SUM(C24:C26) -> 32 | D27: =SUM(D24:D26) -> 23 | E27: =SUM(E24:E26) -> 2 | F27: =SUM(F24:F26) -> 1
B28: MDtch 6 | C28: D2 | D28: D3 | E28: =C28 -> D2 | F28: =D28 -> D3 | G28: =IF(E32>F32,E28,F28) -> D2 | H28: =IF(E32>F32,F28,E28) -> D3
B29: =IF(E32>F32,E28,F28) -> D2 | C29: 11 | D29: 9 | E29: =IF(C29>D29,1,0) -> 1 | F29: =IF(D29>C29,1,0) -> 0
C30: 4 | D30: 11 | E30: =IF(C30>D30,1,0) -> 0 | F30: =IF(D30>C30,1,0) -> 1
A31: =J9 -> 0.83333333 | C31: 11 | D31: 3 | E31: =IF(C31>D31,1,0) -> 1 | F31: =IF(D31>C31,1,0) -> 0
B32: SUM | C32: =SUM(C29:C31) -> 26 | D32: =SUM(D29:D31) -> 23 | E32: =SUM(E29:E31) -> 2 | F32: =SUM(F29:F31) -> 1

Sheet 小组赛晋级名单
A1: Results from the first Round in Groups
A2: 标号 | B2: 姓名 | C2: Total Scores | D2: Rank
A3: =CHAR(65+INT((ROW(A1)-1)/4)) & MOD(ROW(A1)-1,4)+1 -> A1 | B3: =IFERROR( INDEX(签到表!$B$2:$B$17, MATCH(A3, 签到表!$C$2:$C$17, 0) ), "待抽" ) -> Alagbada, Abiodun | C3: ='Group A'!L2 -> 20004 | D3: =RANK(C3,$C$3:$C$18,0) -> 6
A4: =CHAR(65+INT((ROW(A2)-1)/4)) & MOD(ROW(A2)-1,4)+1 -> A2 | B4: =IFERROR( INDEX(签到表!$B$2:$B$17, MATCH(A4, 签到表!$C$2:$C$17, 0) ), "待抽" ) -> Maldikar, Ritik | C4: ='Group A'!L3 -> 10000 | D4: =RANK(C4,$C$3:$C$18,0) -> 11
A5: =CHAR(65+INT((ROW(A3)-1)/4)) & MOD(ROW(A3)-1,4)+1 -> A3 | B5: =IFERROR( INDEX(签到表!$B$2:$B$17, MATCH(A5, 签到表!$C$2:$C$17, 0) ), "待抽" ) -> Shah, Rabin Bikram | C5: ='Group A'!L4 -> 20212 | D5: =RANK(C5,$C$3:$C$18,0) -> 5
A6: =CHAR(65+INT((ROW(A4)-1)/4)) & MOD(ROW(A4)-1,4)+1 -> A4 | B6: =IFERROR( INDEX(签到表!$B$2:$B$17, MATCH(A6, 签到表!$C$2:$C$17, 0) ), "待抽" ) -> Mangiameli, Greta | C6: ='Group A'!L5 -> 9784 | D6: =RANK(C6,$C$3:$C$18,0) -> 12
A7: =CHAR(65+INT((ROW(A5)-1)/4)) & MOD(ROW(A5)-1,4)+1 -> B1 | B7: =IFERROR( INDEX(签到表!$B$2:$B$17, MATCH(A7, 签到表!$C$2:$C$17, 0) ), "待抽" ) -> Amjad, Usama Bin | C7: ='Group B'!L2 -> 19999 | D7: =RANK(C7,$C$3:$C$18,0) -> 9
A8: =CHAR(65+INT((ROW(A6)-1)/4)) & MOD(ROW(A6)-1,4)+1 -> B2 | B8: =IFERROR( INDEX(签到表!$B$2:$B$17, MATCH(A8, 签到表!$C$2:$C$17, 0) ), "待抽" ) -> Benjamin Rettberg, Benjamin | C8: ='Group B'!L3 -> 10109 | D8: =RANK(C8,$C$3:$C$18,0) -> 10
A9: =CHAR(65+INT((ROW(A7)-1)/4)) & MOD(ROW(A7)-1,4)+1 -> B3 | B9: =IFERROR( INDEX(签到表!$B$2:$B$17, MATCH(A9, 签到表!$C$2:$C$17, 0) ), "待抽" ) -> Nguyen, Thomas | C9: ='Group B'!L4 -> 20215 | D9: =RANK(C9,$C$3:$C$18,0) -> 3
A10: =CHAR(65+INT((ROW(A8)-1)/4)) & MOD(ROW(A8)-1,4)+1 -> B4 | B10: =IFERROR( INDEX(签到表!$B$2:$B$17, MATCH(A10, 签到表!$C$2:$C$17, 0) ), "待抽" ) -> Ovcarov, Danil | C10: ='Group B'!L5 -> 9677 | D10: =RANK(C10,$C$3:$C$18,0) -> 14
A11: =CHAR(65+INT((ROW(A9)-1)/4)) & MOD(ROW(A9)-1,4)+1 -> C1 | B11: =IFERROR( INDEX(签到表!$B$2:$B$17, MATCH(A11, 签到表!$C$2:$C$17, 0) ), "待抽" ) -> Guorui, Yu | C11: ='Group C'!L2 -> 20001 | D11: =RANK(C11,$C$3:$C$18,0) -> 8
A12: =CHAR(65+INT((ROW(A10)-1)/4)) & MOD(ROW(A10)-1,4)+1 -> C2 | B12: =IFERROR( INDEX(签到表!$B$2:$B$17, MATCH(A12, 签到表!$C$2:$C$17, 0) ), "待抽" ) -> Alemu, Yohannes | C12: ='Group C'!L3 -> -199 | D12: =RANK(C12,$C$3:$C$18,0) -> 15
A13: =CHAR(65+INT((ROW(A11)-1)/4)) & MOD(ROW(A11)-1,4)+1 -> C3 | B13: =IFERROR( INDEX(签到表!$B$2:$B$17, MATCH(A13, 签到表!$C$2:$C$17, 0) ), "待抽" ) -> Hager, Jonathan | C13: ='Group C'!L4 -> 30519 | D13: =RANK(C13,$C$3:$C$18,0) -> 1
A14: =CHAR(65+INT((ROW(A12)-1)/4)) & MOD(ROW(A12)-1,4)+1 -> C4 | B14: =IFERROR( INDEX(签到表!$B$2:$B$17, MATCH(A14, 签到表!$C$2:$C$17, 0) ), "待抽" ) -> Schneider, Yaro | C14: ='Group C'!L5 -> 9679 | D14: =RANK(C14,$C$3:$C$18,0) -> 13
A15: =CHAR(65+INT((ROW(A13)-1)/4)) & MOD(ROW(A13)-1,4)+1 -> D1 | B15: =IFERROR( INDEX(签到表!$B$2:$B$17, MATCH(A15, 签到表!$C$2:$C$17, 0) ), "待抽" ) -> Yadav, Amit | C15: ='Group D'!L2 -> 20002 | D15: =RANK(C15,$C$3:$C$18,0) -> 7
A16: =CHAR(65+INT((ROW(A14)-1)/4)) & MOD(ROW(A14)-1,4)+1 -> D2 | B16: =IFERROR( INDEX(签到表!$B$2:$B$17, MATCH(A16, 签到表!$C$2:$C$17, 0) ), "待抽" ) -> Katwal, Anmol | C16: ='Group D'!L3 -> 20214 | D16: =RANK(C16,$C$3:$C$18,0) -> 4
A17: =CHAR(65+INT((ROW(A15)-1)/4)) & MOD(ROW(A15)-1,4)+1 -> D3 | B17: =IFERROR( INDEX(签到表!$B$2:$B$17, MATCH(A17, 签到表!$C$2:$C$17, 0) ), "待抽" ) -> Kühn, Justin | C17: ='Group D'!L4 -> 20313 | D17: =RANK(C17,$C$3:$C$18,0) -> 2
A18: =CHAR(65+INT((ROW(A16)-1)/4)) & MOD(ROW(A16)-1,4)+1 -> D4 | B18: =IFERROR( INDEX(签到表!$B$2:$B$17, MATCH(A18, 签到表!$C$2:$C$17, 0) ), "待抽" ) -> Leo Farahwaschy, Leo | C18: ='Group D'!L5 -> -529 | D18: =RANK(C18,$C$3:$C$18,0) -> 16

Sheet 八进四比赛
A1: 第二轮淘汰局八进四, 三局两胜，30分钟（5+25） | B1: 三局两胜 | H1: 第三轮淘汰赛，半决赛四进二，五局三胜，35分钟 | N1: 第四轮决赛，冠亚军，五局三胜，35min
A2: Table A | B2: No.1 | C2: NO.8 | H2: No.1 | I2: No.4 | N2: No.1 | O2: No.2
A7: Table B | B7: No.2 | C7: No.7 | H7: No.2 | I7: No.3 | N7: No.3 | O7: No.4
A12: Table C | B12: No.3 | C12: No.6
A17: Table D | B17: No.4 | C17: No.5
A23: Table E | B23: Double play in turn to have fun

Sheet 四进二比赛

Sheet 决赛比赛
